title,price,link
在庫有り【新商品】DJI Mavic Mini Fly More Combo（マビック ミニ フライモアコンボ）損害賠償保険付 送料無料 ドローン カメラ付き 初心者 スマホ 小型 子供 用 空撮 GPS drone 200g未満 199g 2.7Kカメラ HD動画伝送,"59,400円",https://grp07.ias.rakuten.co.jp/redirect_rpp/?s=80mzhtMg7vA&l=m3sfg9fLxQ4&v=N1QIUlJ7TNSTwb27CYzovyi6P0lF7AP6uhf15iG_ROU&d=2020-03-28&q=mavic+mini&j=A1gm5N5yy1s&r=QCScaIoE9BYS5mvvvd2TWUJJPh8EGmmy4IVZ1WhG07cTNy6MHG2SS3hPAXZjUYUQ2rX4KFHVTmE&ii=L9F5oABhg526F_XmIb9E5Q&si=MXvzcdX4a48&ci=0kucrCe-WWo&as=dFFQAC3K2XA&cp=wu3tgwX8OPA&lg=fWoQHUQmaa2u-NN4VazZXJdLtXTkkXgET36ROM6lUZObdD1SyvB1Ew&ap=&kid=Ii7rMulkDN8&e=IE0wiWDnCZE
在庫あり【新商品】DJI Mavic Mini（マビック ミニ）損害賠償保険付【送料無料】 ドローン カメラ付き 初心者 スマホ 小型 子供 用 空撮 GPS drone カメラ付き 200g未満 おすすめ 199g ビジョンセンサー 3軸ジンバル 2.7Kカメラ HD動画伝送,"46,200円",https://grp07.ias.rakuten.co.jp/redirect_rpp/?s=80mzhtMg7vA&l=m3sfg9fLxQ4&v=N1QIUlJ7TNSTwb27CYzovyi6P0lF7AP6uhf15iG_ROU&d=2020-03-28&q=mavic+mini&j=A1gm5N5yy1s&r=QCScaIoE9BYS5mvvvd2TWUJJPh8EGmmy4IVZ1WhG07cTNy6MHG2SS3hPAXZjUYUQ2rX4KFHVTmE&ii=sqhtbzjDMwq6F_XmIb9E5Q&si=MXvzcdX4a48&ci=0kucrCe-WWo&as=dFFQAC3K2XA&cp=My24N0yB8zQ&lg=fWoQHUQmaa2u-NN4VazZXJdLtXTkkXgET36ROM6lUZObdD1SyvB1Ew&ap=&kid=Ii7rMulkDN8&e=IE0wiWDnCZE
DJI MAVIC MINI Fly More Combo【賠償責任保険付】,"59,400円",https://grp07.ias.rakuten.co.jp/redirect_rpp/?s=80mzhtMg7vA&l=m3sfg9fLxQ4&v=N1QIUlJ7TNSTwb27CYzovyi6P0lF7AP6uhf15iG_ROU&d=2020-03-28&q=mavic+mini&j=A1gm5N5yy1s&r=QCScaIoE9BYS5mvvvd2TWUJJPh8EGmmy4IVZ1WhG07cTNy6MHG2SS3hPAXZjUYUQ2rX4KFHVTmE&ii=V77rJDISwL66F_XmIb9E5Q&si=fCtw18rVbD0&ci=rDC6uYgzf3c&as=dFFQAC3K2XA&cp=JYAukKdDDP0&lg=fWoQHUQmaa2u-NN4VazZXJdLtXTkkXgET36ROM6lUZObdD1SyvB1Ew&ap=&kid=e-gHN7y148k&e=IE0wiWDnCZE
【国内正規品】DJI Mavic Mini Fly More Combo MAMINI 超軽量 199g 最大飛行時間18分 バッテリー3つ付き コントローラー付き ドローン 小型ドローン カメラ付き ラジコン マビックミニ,"59,400円",https://item.rakuten.co.jp/try3/6958265192777/
【在庫あり】DJI Mavic Mini FLY MORE COMBO　マビック　ミニ フライモア コンボ 　ドローン　カメラ付き　( 1年間 DJI無料付帯保険付 )【未開封・動作点検なしでの発送】,"59,400円",https://item.rakuten.co.jp/airstage/10015418/
Mavic Mini Fly More Combo オリジナルガイドブック付き！ マービックミニ DJI ドローン カメラ付き 200g以下 セット,"59,400円",https://item.rakuten.co.jp/skylinkjapan/10000751/
在庫有り【新商品】DJI Mavic Mini Fly More Combo（マビック ミニ フライモアコンボ）損害賠償保険付 送料無料 ドローン カメラ付き 初心者 スマホ 小型 子供 用 空撮 GPS drone 200g未満 199g 2.7Kカメラ HD動画伝送,"59,400円",https://item.rakuten.co.jp/hito-robo/mavic-mini-fly-more-combo/
【DJI公式】【新商品発売】Mavic Mini fly moreコンボ 199g ビジョンセンサー GPS 3軸ジンバル 2.7Kカメラ HD動画伝送【送料無料】,"59,400円",https://item.rakuten.co.jp/djistore/mavic-mini-002/
DJI(ディージェイアイ) Mavic Mini - The Everyday FlyCam,"46,200円",https://item.rakuten.co.jp/rockonline/63033/
Mavic Mini Fly More Combo,"59,400円",https://item.rakuten.co.jp/book/16120195/
mavic mini fly more コンボ　DJI Mavic Mini Combo マビック ミニ 200g未満 予備バッテリー2本 プロペラガード 収納バック 送信機 ドローン 初心者向け GPS DJI認定ストア 宅急便,"59,400円",https://item.rakuten.co.jp/compia/mav0065/
在庫あり【新商品】DJI Mavic Mini（マビック ミニ）損害賠償保険付【送料無料】 ドローン カメラ付き 初心者 スマホ 小型 子供 用 空撮 GPS drone カメラ付き 200g未満 おすすめ 199g ビジョンセンサー 3軸ジンバル 2.7Kカメラ HD動画伝送,"46,200円",https://item.rakuten.co.jp/hito-robo/mavic-mini/
[あす楽対応] DJI Mavic Mini Fly More Combo # CP.MA.00000128.01 ディージェイアイ (ドローン本体),"59,400円",https://item.rakuten.co.jp/kitcut/479788/
Mavic Mini マビックミニ インテリジェント フライトバッテリー 【1100 mAh】 バッテリー Part 1 アクセサリー DJI ドローン 超軽量 ドローン ラジコン 初心者向け,"4,730円",https://item.rakuten.co.jp/local-style/dji-mvm-part001/
DJI　ディージェイアイ 【発売日以降、入荷次第順次お届けになります。】【ドローン】Mavic（マビック） Mini Fly More Combo (JP) MAMNIC[ドローン カメラ付き 小型 dji mavic mini],"59,400円",https://item.rakuten.co.jp/biccamera/6958265192821/
Mavic Mini,"46,200円",https://item.rakuten.co.jp/book/16112564/
【DJI】MAVIC MINI [手の平サイズの小型ドローン] 【mic-point】,"46,200円",https://item.rakuten.co.jp/mic21/1911574001/
DJI　ディージェイアイ 【発売日以降、入荷次第順次お届けになります。】【ドローン】Mavic（マビック） Mini (JP) MAMINI[ドローン カメラ付き 小型 dji mavic mini],"46,200円",https://item.rakuten.co.jp/biccamera/6958265192760/
【国内正規品】DJI Mavic Mini MAMINI 超軽量 199g 最大飛行時間18分 コントローラー付き ドローン 小型ドローン カメラ付き ラジコン マビックミニ,"46,200円",https://item.rakuten.co.jp/try3/6958265192760/
【DJI】MAVIC MINI FLY MORE コンボ [手の平サイズの小型ドローン] 【mic-point】,"59,400円",https://item.rakuten.co.jp/mic21/1911574002/
Mavic Mini Part 1 Intelligent Flight Battery,"4,730円",https://item.rakuten.co.jp/book/16120711/
Mavic Mini マビックミニ インテリジェント フライトバッテリー 【1100 mAh】 バッテリー Part 1 アクセサリー DJI ドローン 超軽量 ドローン ラジコン 初心者向け,"4,730円",https://item.rakuten.co.jp/larue/dji-mvm-part001/
Mavic Mini Part 10 Two-Way Charging Hub,"4,290円",https://item.rakuten.co.jp/book/16121079/
【国内正規品】DJI Care Refresh Mavic Mini ケアリフレッシュ 保証 交換 ドローン,"4,400円",https://item.rakuten.co.jp/try3/6958265192210/
Mavic Mini Part 9 360° Propeller Guard,"1,870円",https://item.rakuten.co.jp/book/16120713/
DJI　ディージェイアイ Mavic Mini Part 1 Intelligent Flight Battery MNIP01[ドローン dji mavic mini バッテリー 充電池],"4,730円",https://item.rakuten.co.jp/biccamera/6958265198274/
Mavic Mini Fly More コンボ マビックミニ DJI ドローン カメラ付き 超軽量 199g 小型ドローン カメラ付き ラジコン 初心者向け エントリーモデル インスタ映え動画,"64,400円",https://item.rakuten.co.jp/local-style/dji-mvmcmb-001/
Mavic Mini Part 2 Propellers （Set）,"1,210円",https://item.rakuten.co.jp/book/16120712/
Mavic Mini - The Everyday FlyCam マビックミニ DJI ドローン カメラ付き 超軽量 199g 小型ドローン ラジコン 初心者向け エントリーモデル インスタ映え動画,"46,200円",https://item.rakuten.co.jp/local-style/dji-mvm-001/
PGYTECH MAVIC MINI用 拡張ランディングギア【日本総代理店】,"1,760円",https://item.rakuten.co.jp/sekido/10p-12a-012/
Mavic Mini Part 23 Propeller Holder （Charcoal）,"1,210円",https://item.rakuten.co.jp/book/16120997/
DJI Mavic Mini マビック　ミニ　ドローン　カメラ付き 　( 1年間 DJI無料付帯保険付 )【未開封・動作点検なしでの発送】,"46,200円",https://item.rakuten.co.jp/airstage/10015417/
Card DJI Care Refresh （Mavic Mini） JP,"4,400円",https://item.rakuten.co.jp/book/16120999/
＼在庫あり／　DJI Mavic Mini FLY MORE COMBO マビック　ミニ　フライモア コンボ ( 1年間 DJI無料付帯保険付 )【未開封・動作点検なしでの発送】,"59,400円",https://item.rakuten.co.jp/rc-airstage/2015418/
Mavic Mini オリジナルガイドブック付き！ マービックミニ DJI ドローン カメラ付き 200g以下 賠償責任保険付,"46,200円",https://item.rakuten.co.jp/skylinkjapan/10000750/
DJI MAVIC MINI Fly More Combo + micro SDカード[64GB]【賠償責任保険付】,"60,500円",https://item.rakuten.co.jp/sekido/10d191031111/
DJI ドローン Mavic Mini Fly More コンボ CP.MA.00000128.01『送料無料（一部地域除く）』,"59,400円",https://item.rakuten.co.jp/onestep/p5i125/
DJI Mavic Mini 充電ベース # CP.MA.00000156.01 ディージェイアイ (ドローンアクセサリ),"4,805円",https://item.rakuten.co.jp/kitcut/479795/
Mavic Mini Part 22 Propeller Holder （Beige）,"1,210円",https://item.rakuten.co.jp/book/16120996/
ドローン DJI Mavic Mini 拡張ランディングギア 強化着陸装置 衝撃吸収保護フレーム PGYTECH製品,"1,760円",https://item.rakuten.co.jp/beatnuts/10008418/
DJI Mini Bag,"3,520円",https://item.rakuten.co.jp/book/16120998/
[あす楽対応] DJI Mavic Mini プロペラホルダー ディージェイアイ (ドローンアクセサリ),"1,210円",https://item.rakuten.co.jp/kitcut/4797974581/
[あす楽対応] DJI Mavic Mini 2WAY 充電ハブ # CP.MA.00000141.01 ディージェイアイ (ドローンアクセサリ),"4,805円",https://item.rakuten.co.jp/kitcut/479793/
DJI Mavic Mini # CP.MA.00000122.01 ディージェイアイ (ドローン本体),"46,200円",https://item.rakuten.co.jp/kitcut/479787/
DJI Mavic Mini インテリジェント フライトバッテリー 1100mAh # CP.MA.00000132.01 ディージェイアイ (ドローンアクセサリ) [PSR],"5,245円",https://item.rakuten.co.jp/kitcut-ps/479789/
◆【在庫あり翌営業日発送OK F-1】Mavic Mini [DJI] ドローン 199g,"46,199円",https://item.rakuten.co.jp/all-kimuraya-jimbocho/4988755052382/
Mavic Mini Part 8 Control Sticks （Pair）,990円,https://item.rakuten.co.jp/book/16121078/
DJI Mavic Mini Fly More Combo 超軽量 199g HD動画伝送 GPS 2.7Kカメラ 3軸ジンバル ドローン カメラ付き マビック ミニ 初心者向け 小型 DJI認定ストア クリスマス プレゼント,"59,400円",https://item.rakuten.co.jp/hoshishouji/140012/
在庫有り【新商品】DJI Mavic Mini Fly More Combo（マビック ミニ フライモアコンボ）損害賠償保険付 送料無料 ドローン カメラ付き 初心者 スマホ 小型 子供 用 空撮 GPS drone 200g未満 199g 2.7Kカメラ HD動画伝送,"59,400円",https://grp07.ias.rakuten.co.jp/redirect_rpp/?s=80mzhtMg7vA&l=m3sfg9fLxQ4&v=2Gl9Jnz2a0wzkzVNECCl9ii6P0lF7AP6uhf15iG_ROU&d=2020-03-28&q=mavic+mini&j=A1gm5N5yy1s&r=VepeQJAL13r4duOjGpU1yK64zhqmSJb1-WkT_9yZ-vwd2Jfies3F8j28XCCm6Y0Xoj_M6agn4pU&ii=L9F5oABhg526F_XmIb9E5Q&si=MXvzcdX4a48&ci=0kucrCe-WWo&as=dFFQAC3K2XA&cp=wu3tgwX8OPA&lg=fWoQHUQmaa2u-NN4VazZXMHTphmnwwb-kNnkTOJrHR6bdD1SyvB1Ew&ap=&kid=Ii7rMulkDN8&e=IE0wiWDnCZE
在庫あり【新商品】DJI Mavic Mini（マビック ミニ）損害賠償保険付【送料無料】 ドローン カメラ付き 初心者 スマホ 小型 子供 用 空撮 GPS drone カメラ付き 200g未満 おすすめ 199g ビジョンセンサー 3軸ジンバル 2.7Kカメラ HD動画伝送,"46,200円",https://grp07.ias.rakuten.co.jp/redirect_rpp/?s=80mzhtMg7vA&l=m3sfg9fLxQ4&v=2Gl9Jnz2a0wzkzVNECCl9ii6P0lF7AP6uhf15iG_ROU&d=2020-03-28&q=mavic+mini&j=A1gm5N5yy1s&r=VepeQJAL13r4duOjGpU1yK64zhqmSJb1-WkT_9yZ-vwd2Jfies3F8j28XCCm6Y0Xoj_M6agn4pU&ii=sqhtbzjDMwq6F_XmIb9E5Q&si=MXvzcdX4a48&ci=0kucrCe-WWo&as=dFFQAC3K2XA&cp=My24N0yB8zQ&lg=fWoQHUQmaa2u-NN4VazZXMHTphmnwwb-kNnkTOJrHR6bdD1SyvB1Ew&ap=&kid=Ii7rMulkDN8&e=IE0wiWDnCZE
DJI MAVIC MINI Fly More Combo【賠償責任保険付】,"59,400円",https://grp07.ias.rakuten.co.jp/redirect_rpp/?s=80mzhtMg7vA&l=m3sfg9fLxQ4&v=2Gl9Jnz2a0wzkzVNECCl9ii6P0lF7AP6uhf15iG_ROU&d=2020-03-28&q=mavic+mini&j=A1gm5N5yy1s&r=VepeQJAL13r4duOjGpU1yK64zhqmSJb1-WkT_9yZ-vwd2Jfies3F8j28XCCm6Y0Xoj_M6agn4pU&ii=V77rJDISwL66F_XmIb9E5Q&si=fCtw18rVbD0&ci=rDC6uYgzf3c&as=dFFQAC3K2XA&cp=JYAukKdDDP0&lg=fWoQHUQmaa2u-NN4VazZXMHTphmnwwb-kNnkTOJrHR6bdD1SyvB1Ew&ap=&kid=e-gHN7y148k&e=IE0wiWDnCZE
【国内正規品】DJI Mavic Mini Fly More Combo MAMINI 超軽量 199g 最大飛行時間18分 バッテリー3つ付き コントローラー付き ドローン 小型ドローン カメラ付き ラジコン マビックミニ,"59,400円",https://item.rakuten.co.jp/try3/6958265192777/
【在庫あり】DJI Mavic Mini FLY MORE COMBO　マビック　ミニ フライモア コンボ 　ドローン　カメラ付き　( 1年間 DJI無料付帯保険付 )【未開封・動作点検なしでの発送】,"59,400円",https://item.rakuten.co.jp/airstage/10015418/
Mavic Mini Fly More Combo オリジナルガイドブック付き！ マービックミニ DJI ドローン カメラ付き 200g以下 セット,"59,400円",https://item.rakuten.co.jp/skylinkjapan/10000751/
在庫有り【新商品】DJI Mavic Mini Fly More Combo（マビック ミニ フライモアコンボ）損害賠償保険付 送料無料 ドローン カメラ付き 初心者 スマホ 小型 子供 用 空撮 GPS drone 200g未満 199g 2.7Kカメラ HD動画伝送,"59,400円",https://item.rakuten.co.jp/hito-robo/mavic-mini-fly-more-combo/
【DJI公式】【新商品発売】Mavic Mini fly moreコンボ 199g ビジョンセンサー GPS 3軸ジンバル 2.7Kカメラ HD動画伝送【送料無料】,"59,400円",https://item.rakuten.co.jp/djistore/mavic-mini-002/
DJI(ディージェイアイ) Mavic Mini - The Everyday FlyCam,"46,200円",https://item.rakuten.co.jp/rockonline/63033/
Mavic Mini Fly More Combo,"59,400円",https://item.rakuten.co.jp/book/16120195/
mavic mini fly more コンボ　DJI Mavic Mini Combo マビック ミニ 200g未満 予備バッテリー2本 プロペラガード 収納バック 送信機 ドローン 初心者向け GPS DJI認定ストア 宅急便,"59,400円",https://item.rakuten.co.jp/compia/mav0065/
在庫あり【新商品】DJI Mavic Mini（マビック ミニ）損害賠償保険付【送料無料】 ドローン カメラ付き 初心者 スマホ 小型 子供 用 空撮 GPS drone カメラ付き 200g未満 おすすめ 199g ビジョンセンサー 3軸ジンバル 2.7Kカメラ HD動画伝送,"46,200円",https://item.rakuten.co.jp/hito-robo/mavic-mini/
[あす楽対応] DJI Mavic Mini Fly More Combo # CP.MA.00000128.01 ディージェイアイ (ドローン本体),"59,400円",https://item.rakuten.co.jp/kitcut/479788/
Mavic Mini マビックミニ インテリジェント フライトバッテリー 【1100 mAh】 バッテリー Part 1 アクセサリー DJI ドローン 超軽量 ドローン ラジコン 初心者向け,"4,730円",https://item.rakuten.co.jp/local-style/dji-mvm-part001/
DJI　ディージェイアイ 【発売日以降、入荷次第順次お届けになります。】【ドローン】Mavic（マビック） Mini Fly More Combo (JP) MAMNIC[ドローン カメラ付き 小型 dji mavic mini],"59,400円",https://item.rakuten.co.jp/biccamera/6958265192821/
Mavic Mini,"46,200円",https://item.rakuten.co.jp/book/16112564/
【DJI】MAVIC MINI [手の平サイズの小型ドローン] 【mic-point】,"46,200円",https://item.rakuten.co.jp/mic21/1911574001/
DJI　ディージェイアイ 【発売日以降、入荷次第順次お届けになります。】【ドローン】Mavic（マビック） Mini (JP) MAMINI[ドローン カメラ付き 小型 dji mavic mini],"46,200円",https://item.rakuten.co.jp/biccamera/6958265192760/
【国内正規品】DJI Mavic Mini MAMINI 超軽量 199g 最大飛行時間18分 コントローラー付き ドローン 小型ドローン カメラ付き ラジコン マビックミニ,"46,200円",https://item.rakuten.co.jp/try3/6958265192760/
【DJI】MAVIC MINI FLY MORE コンボ [手の平サイズの小型ドローン] 【mic-point】,"59,400円",https://item.rakuten.co.jp/mic21/1911574002/
Mavic Mini Part 1 Intelligent Flight Battery,"4,730円",https://item.rakuten.co.jp/book/16120711/
Mavic Mini マビックミニ インテリジェント フライトバッテリー 【1100 mAh】 バッテリー Part 1 アクセサリー DJI ドローン 超軽量 ドローン ラジコン 初心者向け,"4,730円",https://item.rakuten.co.jp/larue/dji-mvm-part001/
Mavic Mini Part 10 Two-Way Charging Hub,"4,290円",https://item.rakuten.co.jp/book/16121079/
【国内正規品】DJI Care Refresh Mavic Mini ケアリフレッシュ 保証 交換 ドローン,"4,400円",https://item.rakuten.co.jp/try3/6958265192210/
Mavic Mini Part 9 360° Propeller Guard,"1,870円",https://item.rakuten.co.jp/book/16120713/
DJI　ディージェイアイ Mavic Mini Part 1 Intelligent Flight Battery MNIP01[ドローン dji mavic mini バッテリー 充電池],"4,730円",https://item.rakuten.co.jp/biccamera/6958265198274/
Mavic Mini Fly More コンボ マビックミニ DJI ドローン カメラ付き 超軽量 199g 小型ドローン カメラ付き ラジコン 初心者向け エントリーモデル インスタ映え動画,"64,400円",https://item.rakuten.co.jp/local-style/dji-mvmcmb-001/
Mavic Mini Part 2 Propellers （Set）,"1,210円",https://item.rakuten.co.jp/book/16120712/
Mavic Mini - The Everyday FlyCam マビックミニ DJI ドローン カメラ付き 超軽量 199g 小型ドローン ラジコン 初心者向け エントリーモデル インスタ映え動画,"46,200円",https://item.rakuten.co.jp/local-style/dji-mvm-001/
PGYTECH MAVIC MINI用 拡張ランディングギア【日本総代理店】,"1,760円",https://item.rakuten.co.jp/sekido/10p-12a-012/
Mavic Mini Part 23 Propeller Holder （Charcoal）,"1,210円",https://item.rakuten.co.jp/book/16120997/
DJI Mavic Mini マビック　ミニ　ドローン　カメラ付き 　( 1年間 DJI無料付帯保険付 )【未開封・動作点検なしでの発送】,"46,200円",https://item.rakuten.co.jp/airstage/10015417/
Card DJI Care Refresh （Mavic Mini） JP,"4,400円",https://item.rakuten.co.jp/book/16120999/
＼在庫あり／　DJI Mavic Mini FLY MORE COMBO マビック　ミニ　フライモア コンボ ( 1年間 DJI無料付帯保険付 )【未開封・動作点検なしでの発送】,"59,400円",https://item.rakuten.co.jp/rc-airstage/2015418/
Mavic Mini オリジナルガイドブック付き！ マービックミニ DJI ドローン カメラ付き 200g以下 賠償責任保険付,"46,200円",https://item.rakuten.co.jp/skylinkjapan/10000750/
DJI MAVIC MINI Fly More Combo + micro SDカード[64GB]【賠償責任保険付】,"60,500円",https://item.rakuten.co.jp/sekido/10d191031111/
DJI ドローン Mavic Mini Fly More コンボ CP.MA.00000128.01『送料無料（一部地域除く）』,"59,400円",https://item.rakuten.co.jp/onestep/p5i125/
DJI Mavic Mini 充電ベース # CP.MA.00000156.01 ディージェイアイ (ドローンアクセサリ),"4,805円",https://item.rakuten.co.jp/kitcut/479795/
Mavic Mini Part 22 Propeller Holder （Beige）,"1,210円",https://item.rakuten.co.jp/book/16120996/
ドローン DJI Mavic Mini 拡張ランディングギア 強化着陸装置 衝撃吸収保護フレーム PGYTECH製品,"1,760円",https://item.rakuten.co.jp/beatnuts/10008418/
DJI Mini Bag,"3,520円",https://item.rakuten.co.jp/book/16120998/
[あす楽対応] DJI Mavic Mini プロペラホルダー ディージェイアイ (ドローンアクセサリ),"1,210円",https://item.rakuten.co.jp/kitcut/4797974581/
[あす楽対応] DJI Mavic Mini 2WAY 充電ハブ # CP.MA.00000141.01 ディージェイアイ (ドローンアクセサリ),"4,805円",https://item.rakuten.co.jp/kitcut/479793/
DJI Mavic Mini # CP.MA.00000122.01 ディージェイアイ (ドローン本体),"46,200円",https://item.rakuten.co.jp/kitcut/479787/
DJI Mavic Mini インテリジェント フライトバッテリー 1100mAh # CP.MA.00000132.01 ディージェイアイ (ドローンアクセサリ) [PSR],"5,245円",https://item.rakuten.co.jp/kitcut-ps/479789/
◆【在庫あり翌営業日発送OK F-1】Mavic Mini [DJI] ドローン 199g,"46,199円",https://item.rakuten.co.jp/all-kimuraya-jimbocho/4988755052382/
Mavic Mini Part 8 Control Sticks （Pair）,990円,https://item.rakuten.co.jp/book/16121078/
DJI Mavic Mini Fly More Combo 超軽量 199g HD動画伝送 GPS 2.7Kカメラ 3軸ジンバル ドローン カメラ付き マビック ミニ 初心者向け 小型 DJI認定ストア クリスマス プレゼント,"59,400円",https://item.rakuten.co.jp/hoshishouji/140012/
マビック バックパック Lykus ライカス DJI Mavic 2 Mavic Mini Mavic Platinum Mavic Air リフトチョイスバック DBM-100 M1 マービックシリーズ適用 防撥水,"5,600円",https://item.rakuten.co.jp/sorakara0925/10000001/
アップグレードされたモーターカバー傷防止プロペラMavic Mini Droneのブロックアップ保護アルミニウム合金モーターカバー,"1,994円",https://item.rakuten.co.jp/ebinoie/3dd4fb2e52d146d9a545c1dc144654c5/
DJI Mavic Mini # CP.MA.00000122.01 ディージェイアイ (ドローン本体) [PSR],"46,200円",https://item.rakuten.co.jp/kitcut-ps/479787/
＼キャンペーン開催中／　DJI Mavic Mini　No22/23 プロペラホルダー 【選べるカラー】マビックミニ　用　アクセサリー パーツ,"1,210円",https://item.rakuten.co.jp/airstage/10015529/
DJI ドローン Mavic Mini CP.MA.00000122.01『送料無料（一部地域除く）』,"46,200円",https://item.rakuten.co.jp/onestep/p5i124/
Mavic Mini Part 18 DIY Creative Kit,"1,430円",https://item.rakuten.co.jp/book/16121080/
DJI　ディージェイアイ Mavic Mini Part 23 Propeller Holder(Charcoal) MNIP23 チャコール,"1,210円",https://item.rakuten.co.jp/biccamera/6971511319384/
DIJ Mavic Mini 撥水加工 収納ケース バッグ ブラック マービック ミニ EVAケース DM400,"4,780円",https://item.rakuten.co.jp/syhshop/224/
Mavic Mini マビックミニ 2WAY 充電ハブ バッテリー Part10 充電器 パワーバンク 予備 アクセサリー DJI ドローン 超軽量 ドローン ラジコン 初心者向け,"4,290円",https://item.rakuten.co.jp/larue/dji-mvm-part010/
[ネコポス可] DJI Mavic Mini DIY クリエイティブ キット # CP.MA.00000155.01 ディージェイアイ (ドローンアクセサリ) [PSR],"1,430円",https://item.rakuten.co.jp/kitcut-ps/479794/
[あす楽対応] DJI Mavic Mini プロペラホルダー ディージェイアイ (ドローンアクセサリ) [PSR],"1,210円",https://item.rakuten.co.jp/kitcut-ps/4797974581/
DJI Mavic Mini Fly More Combo (JP)マビックミニ 小型ドローン 200g以下,"59,400円",https://item.rakuten.co.jp/landscapeweb/6958265192821/
DIJ Mavic Mini 防水、防塵ハードケース バッグ ブラック マービック ミニ DM500,"5,380円",https://item.rakuten.co.jp/syhshop/223/
Mavic Mini Part 19 Charging Base,"4,290円",https://item.rakuten.co.jp/book/16120994/
DJI Mavic Mini インテリジェント フライトバッテリー 1100mAh # CP.MA.00000132.01 ディージェイアイ (ドローンアクセサリ),"5,245円",https://item.rakuten.co.jp/kitcut/479789/
DJI Mavic Mini DIY NO.18 クリエイティブキット,"1,430円",https://item.rakuten.co.jp/sekido/10335837/
PGYTECH MAVIC MINI用 レンズフィルター[UV Filter]【日本総代理店】,"1,584円",https://item.rakuten.co.jp/sekido/10p-12a-017/
DJI Mavic mini RC ドローン用 防水 コンパクト トラベル ストレージ ハード 収納 ケース ボックス アクセサリー,"3,580円",https://item.rakuten.co.jp/iuneed/rtrrx91115010/
【国内正規品】DJI Mavic Mini 2WAY 充電ハブ MNIP10 3つのバッテリーを順番に充電 Mavic Mini用 ドローン 小型ドローン,"4,290円",https://item.rakuten.co.jp/try3/6958265198175/
PGYTECH スマホタブレットホルダー（スタンダード）[Spark/ Mavicシリーズ]【日本総代理店】,"2,640円",https://item.rakuten.co.jp/sekido/10p-mrc-010/
DJI　ディージェイアイ Mavic Mini Part 2 Propellers (Set) MNIP02,"1,210円",https://item.rakuten.co.jp/biccamera/6958265198182/
＼キャンペーン開催中／　DJI Mavic Mini　No19 充電ベース　マビックミニ　用　アクセサリー パーツ,"4,290円",https://item.rakuten.co.jp/airstage/10015455/
DJI MAVIC MINI用 ドローン ポータブル ハンドヘルド ハードバッグ PUキャリーケース 防水 アクセサリ 収納 キャリング ケース 収納バッグ 防水ケース PC素材 快適,"3,080円",https://item.rakuten.co.jp/iuneed/jqx91111102zz/
スタンド グレー 着陸装置 折りたたみ式 足高スタンド RC ドローン ランディング DJI Mavic ミニ ドローン 衝撃吸収 スタビライザー 離陸プロテクター,"1,687円",https://item.rakuten.co.jp/riria-store/0ed7b499557c475a885986945e65241a/
Mavic Mini マビックミニ スナップ アダプター LEDディスプレイ ブロック モニター 消せるペン 上に乗せる DJI ドローン 超軽量 小型ドローン 初心者向け,"1,680円",https://item.rakuten.co.jp/local-style/dji-mvm-part020/
PGYTECH MAVIC MINI用 キャリングケース【日本総代理店】,"3,080円",https://item.rakuten.co.jp/sekido/10p-12a-016/
＼キャンペーン開催中／　DJI Mavic Mini　No01 インテリジェント フライトバッテリー (1100 mAh),"4,730円",https://item.rakuten.co.jp/rc-airstage/2015449/
Mavic Mini マビックミニ 360°プロペラガード Part 9 障害物 室内 備品 保護 純正 ガード アクセサリー DJI 超軽量 ドローン ラジコン 初心者向け パワーバンク 予備 【正規品】,"2,470円",https://item.rakuten.co.jp/larue/dji-mvm-part009/
＼キャンペーン開催中／　DJI ミニバッグ【選べるカラー】マビックミニ　用　アクセサリー パーツ,"3,520円",https://item.rakuten.co.jp/airstage/10015653/
ドローン DJI Mavic Mini Fly More Combo コンボ マビック ドローン 小型 カメラ付き 初心者 空撮 ミニ 199g 国内正規品 DJI認定ストア クリスマス プレゼント に最適,"59,400円",https://item.rakuten.co.jp/youtatsu/140012/
＼キャンペーン開催中／　DJI Mavic Mini　No20 スナップ アダプター　マビックミニ　用　アクセサリー パーツ,"1,430円",https://item.rakuten.co.jp/airstage/10015456/
Mavic Mini インテリジェント フライトバッテリー (Part 1)マビックミニ バッテリー,"5,500円",https://item.rakuten.co.jp/landscapeweb/6958265198274/
DJI　ディージェイアイ Mavic Mini Part 10 Two-Way Charging Hub,"4,290円",https://item.rakuten.co.jp/biccamera/6958265198175/
【在庫あり翌営業日発送OK F-2】【お一人様1台限り】Mavic Mini Fly More Combo [DJI] ドローン 199g フライモアコンボ,"59,400円",https://item.rakuten.co.jp/all-kimuraya-jimbocho/4988755052283-zaiko/
ドローン「Mavic Mini Fly More Combo」　MAMNIC DJI JAPAN,"60,007円",https://item.rakuten.co.jp/jism/6958265192821-52-50097-n/
[あす楽対応] DJI Mavic Mini 360度プロペラガード # CP.MA.00000140.01 ディージェイアイ (ドローンアクセサリ) [PSR],"1,870円",https://item.rakuten.co.jp/kitcut-ps/479792/
＼キャンペーン開催中／　Nancy Mavic Mini用　強化ガラスカメラレンズ保護フィルム　マビックミニ　用　アクセサリー パーツ,869円,https://item.rakuten.co.jp/airstage/10015589/
【国内正規品】DJI Mavic Mini プロペラホルダー ベージュ MNIP22 プロペラ保護 保管 ストラップ付き Mavic Mini用 ドローン 小型ドローン,"1,210円",https://item.rakuten.co.jp/try3/6971511319360/
マビックミニ バッグ Lykus ライカス DJI Mavic Mini Spark TELLO ショルダーバック ハンドバック DBS-100 S1 マビックミニ スパーク テロー ドローンをお洒落に運ぼう,"4,070円",https://item.rakuten.co.jp/sorakara0925/10000000/
DJIジャパン Mavic Mini Fly More Combo (JP) MAMNIC 《納期約1ヶ月》,"59,400円",https://item.rakuten.co.jp/emedama/6958265192821/
GPC - Mavic Mini 専用ハードケース DJI マビックミニ 防水・防塵ケース,"8,580円",https://item.rakuten.co.jp/skylinkjapan/10000756/
Mavic Mini - The Everyday FlyCam マビックミニ DJI ドローン カメラ付き 超軽量 199g 小型ドローン ラジコン 初心者向け エントリーモデル インスタ映え動画,"46,200円",https://item.rakuten.co.jp/larue/dji-mvm-001/
＼キャンペーン開催中／　DJI Mavic Mini　No01 インテリジェント フライトバッテリー (1100 mAh),"4,730円",https://item.rakuten.co.jp/airstage/10015449/
＼キャンペーン中／　AN DJI Mavic Mini用　折り畳み式ランディングギア　【グレー】　マビックミニ　用　アクセサリー パーツ,990円,https://item.rakuten.co.jp/airstage/10015658/
[ネコポス可] DJI Mavic Mini プロペラ # CP.MA.00000133.01 ディージェイアイ (ドローンアクセサリ) [PSR],"1,210円",https://item.rakuten.co.jp/kitcut-ps/479790/
【数量限定DJI ノベルティグッズプレゼント中!】DJI MAVIC Mini Fly More コンボ - 200g以下 飛行申請外,"62,000円",https://item.rakuten.co.jp/skyloopjapan/10000044/
Mavic Mini マビックミニ プロペラ Part 2 Mavic Mini用 交換用 予備 備品 羽 アクセサリー DJI ドローン 超軽量 小型ドローン ラジコン 初心者向け 充電,"1,480円",https://item.rakuten.co.jp/local-style/dji-mvm-part002/
Mavic Mini Part 20 Snap Adapter,"1,430円",https://item.rakuten.co.jp/book/16120995/
DJI ミニバッグMavic Mini マビックミニ Osmo Pocket オズモポケット Osmo Action オズモアクション,"3,520円",https://item.rakuten.co.jp/landscapeweb/6958265198236/
Mavic Mini Fly More コンボ マビックミニ DJI ドローン カメラ付き 超軽量 199g 小型ドローン カメラ付き ラジコン 初心者向け エントリーモデル インスタ映え動画,"64,400円",https://item.rakuten.co.jp/larue/dji-mvmcmb-001/
[あす楽対応] DJI Mavic Mini Fly More Combo # CP.MA.00000128.01 ディージェイアイ (ドローン本体) [PSR],"59,400円",https://item.rakuten.co.jp/kitcut-ps/479788/
[あす楽対応] DJI Mavic Mini 360°プロペラガード # CP.MA.00000140.01 ディージェイアイ (ドローンアクセサリ),"1,870円",https://item.rakuten.co.jp/kitcut/479792/
DJI ドローン Mavic Mini Fly More コンボ CP.MA.00000128.01,"61,958円",https://item.rakuten.co.jp/alude/p5i125/
ドローン MAVIC MINI プロペラ 1機分（8枚） DJI パーツ 交換用 スペア 社外品,"1,210円",https://item.rakuten.co.jp/beatnuts/10008423/
【DJI公式】【新商品発売】Mavic Mini 199g ビジョンセンサー GPS 3軸ジンバル 2.7Kカメラ HD動画伝送【送料無料】,"46,200円",https://item.rakuten.co.jp/djistore/mavic-mini-001/
【国内正規品】DJI Mavic Mini MAMINI + microSDカード64GB付き 超軽量 199g 最大飛行時間18分 コントローラー付き ドローン 小型ドローン カメラ付き ラジコン マビックミニ,"53,000円",https://item.rakuten.co.jp/try3/2000000153995/
Mavic Mini マビックミニ DIYクリエイティブキット アクセサリー 落書き ステッカー DJI ドローン カメラ付き 超軽量 199g 小型ドローン ラジコン 初心者向け エントリーモデル インスタ映え動画 DIY Creative Kit,"1,430円",https://item.rakuten.co.jp/local-style/dji-mvm-part018/
DJI No.12 18W USB充電器,"1,760円",https://item.rakuten.co.jp/sekido/10198243/
DJI Mavic MINI,"46,200円",https://item.rakuten.co.jp/tsukumorobo/4988755052382/
DJI Mavic MIni Fly More Combo マビック ミニ フライモア コンボ 賠償責任保険付き,"59,400円",https://item.rakuten.co.jp/wiing/mavic-mini-combo/
PGYTECH MAVIC MINI用 レンズフィルター[NDセット]【日本総代理店】,"6,600円",https://item.rakuten.co.jp/sekido/10p-12a-019/
DJI Mavic Mini Fly More Combo ドローン 小型 カメラ付き 超軽量 199g 小型ドローン 初心者向け 室内 屋外 DJI特約販売店 子供 プレゼント ギフト,"59,400円",https://item.rakuten.co.jp/kouhukuya/140012/
DJI Mavic MINI Fly More コンボ,"59,400円",https://item.rakuten.co.jp/tsukumorobo/4988755052283/
＼キャンペーン中／　AN DJI Mavic Mini用　スマートフォン用サンシェード　マビックミニ　用　アクセサリー パーツ,"1,386円",https://item.rakuten.co.jp/airstage/10015740/
DJI Mavic Mini NO.20 スナップ アダプター,"1,430円",https://item.rakuten.co.jp/sekido/10319377/
DJI Mavic MIni マビック ミニ 賠償責任保険付き,"46,200円",https://item.rakuten.co.jp/wiing/mavic-mini/
【国内正規品】DJI Mavic Mini ミニバッグ ブルー＆イエロー Mavic Mini用 充電ハブ 送信機 アクセサリーなど簡単収納 ドローン 小型ドローン,"3,520円",https://item.rakuten.co.jp/try3/6958265199363/
DJI MAVIC MINI Fly More Combo【賠償責任保険付】,"59,400円",https://item.rakuten.co.jp/sekido/10d191031101/
DJI MAVIC MINI【賠償責任保険付】,"46,200円",https://item.rakuten.co.jp/sekido/10d191031001/
dji Mavic Mini 専用キャリングケース,"1,400円",https://item.rakuten.co.jp/sumahozakkayasan/10000002/
DJI Mavic Mini スナップ アダプター # CP.MA.00000157.01 ディージェイアイ (ドローンアクセサリ),"1,430円",https://item.rakuten.co.jp/kitcut/479796/
PGYTECH MAVIC MINI用 レンズフード【日本総代理店】,"1,056円",https://item.rakuten.co.jp/sekido/10p-12a-023/
Mavic Mini - The Everyday FlyCam マビックミニ DJI ドローン カメラ付き 超軽量 199g 小型ドローン ラジコン 初心者向け エントリーモデル インスタ映え動画,"46,200円",https://item.rakuten.co.jp/close-up/dji-mvm-001/
DJI Mavic Mini 充電ベース # CP.MA.00000156.01 ディージェイアイ (ドローンアクセサリ) [PSR],"4,805円",https://item.rakuten.co.jp/kitcut-ps/479795/
【国内正規品】DJI Mavic Mini MAMINI + microSDカード64GB +ランディングパッド 付き 超軽量 199g 最大飛行時間18分 コントローラー付き ドローン 小型ドローン カメラ付き ラジコン マビックミニ,"54,260円",https://item.rakuten.co.jp/try3/2000000154015/
納期未定再入荷次第発送 Mavic Mini - The Everyday FlyCam マビックミニ DJI ドローン カメラ付き 超軽量 199g 小型ドローン ラジコン 初心者向け エントリーモデル インスタ映え動画,"46,200円",https://item.rakuten.co.jp/dexpro/dji-mvm-001/
DJI Mavic Mini (JP) MAMINI,"46,937円",https://item.rakuten.co.jp/dtc/6958265192760/
Mavic Mini - 充電ベース マビックミニ,"4,290円",https://item.rakuten.co.jp/skylinkjapan/10000757/
DJI Mavic Mini スナップ アダプター # CP.MA.00000157.01 ディージェイアイ (ドローンアクセサリ) [PSR],"1,430円",https://item.rakuten.co.jp/kitcut-ps/479796/
＼キャンペーン開催中／　DJI Mavic Mini　No02 プロペラ　マビックミニ　用　アクセサリー パーツ,"1,210円",https://item.rakuten.co.jp/airstage/10015450/
ドローン DJI Mavic Mini NDフィルター 4個セット（ND4+ND8+ND16+ND32） SUNNYLIFE製品 減光フィルター,"3,520円",https://item.rakuten.co.jp/beatnuts/10008438/
ドローン MAVIC MINI バッテリーセーフバッグ 1個用 耐熱性 放射線防護 防爆 DJI パーツ バッテリーケース 旅行 移動 持ち運び,770円,https://item.rakuten.co.jp/beatnuts/10008419/
Mavic Mini マビックミニ プロペラホルダー 持ち運び ストラップ アクセサリー プロペラ保護 DJI ドローン 超軽量 小型ドローン 初心者向け,"1,800円",https://item.rakuten.co.jp/local-style/dji-mvm-part022-23/
Mavic Mini マビックミニ 2WAY 充電ハブ バッテリー Part10 充電器 パワーバンク 予備 アクセサリー DJI ドローン 超軽量 ドローン ラジコン 初心者向け,"4,290円",https://item.rakuten.co.jp/local-style/dji-mvm-part010/
[ネコポス可] DJI Mavic Mini 操作スティック # CP.MA.00000139.01 ディージェイアイ (ドローンアクセサリ),990円,https://item.rakuten.co.jp/kitcut/479791/
PGYTECH MAVIC 2 用 アクセサリーコンボ キャリングバッグMini 拡張ランディングギア 送信機スティックプロテクター【日本総代理店】,"5,720円",https://item.rakuten.co.jp/sekido/10p-ha-054/
モーターカバー メタルキャップ DJI Mavic Mini ドローン用 4個 防塵 エンジンプロテクターガード 保護 アクセサリー,"1,788円",https://item.rakuten.co.jp/riria-store/3efd6d102bb44a2cba1c17c28c7e357e/
【新品】DJI Mavic Mini (JP) MAMINI,"46,937円",https://item.rakuten.co.jp/akibamac/6958265192760/
DJI ドローン Mavic Mini CP.MA.00000122.01,"48,189円",https://item.rakuten.co.jp/alude/p5i124/
DJI MAVIC MINI Drone用 防水 ポータブル ハンドヘルド ハードバッグ ストレージ PU キャリーケース 収納 ケース ボックス アクセサリー,"2,180円",https://item.rakuten.co.jp/iuneed/jqx91119101/
PGYTECH MAVIC MINI用 プロペラケージ【日本総代理店】,"3,080円",https://item.rakuten.co.jp/sekido/10p-12a-013/
[あす楽対応] DJI Mavic Mini 2WAY 充電ハブ # CP.MA.00000141.01 ディージェイアイ (ドローンアクセサリ) [PSR],"4,805円",https://item.rakuten.co.jp/kitcut-ps/479793/
【メール便無料】 MAVIC PRO マビック ミニ 送信機モニターフード 保護カバー 送信機 カバー MAVIC備品 バッテリー用 Mavicアクセサリー 周辺機器 DJI 小型,"2,627円",https://item.rakuten.co.jp/local-style/dji-mv-part28/
DJI Mavic Mini 防水 ハード キャリング ケース ドローン 保護 ストレージ バッグ 収納 ケース ボックス アクセサリー,"3,080円",https://item.rakuten.co.jp/iuneed/rtscy91119105/
[ネコポス可] DJI Mavic Mini プロペラ # CP.MA.00000133.01 ディージェイアイ (ドローンアクセサリ),"1,210円",https://item.rakuten.co.jp/kitcut/479790/
DJI Mavic Mini マビック　ミニ　ドローン　カメラ付き 　( 1年間 DJI無料付帯保険付 )【未開封・動作点検なしでの発送】,"46,200円",https://item.rakuten.co.jp/rc-airstage/2015417/
Mavic Mini マビックミニ 360°プロペラガード Part 9 障害物 室内 備品 保護 純正 ガード アクセサリー DJI 超軽量 ドローン ラジコン 初心者向け パワーバンク 予備 【正規品】,"2,470円",https://item.rakuten.co.jp/local-style/dji-mvm-part009/
STARTRC DJI Mavic Mini用ケース 収納ショルダーバッグ 送信機 バッテリー収納可能 手提げ 2Way 防水,"2,080円",https://item.rakuten.co.jp/tradedesign/iot160/
dji Mavic Mini 本体専用キャリングケース,880円,https://item.rakuten.co.jp/sumahozakkayasan/10000003/
Mavic Mini用プロペラ DJI JAPAN,"1,210円",https://item.rakuten.co.jp/jism/6958265198182-52-50103-n/
【国内正規品】DJI Mavic Mini プロペラ MNIP02 ネジセット Mavic Mini用 ドローン 小型ドローン,"1,210円",https://item.rakuten.co.jp/try3/6958265198182/
DJI Mavic 2 Pro Mavic 2 Zoom Mavic Air Mavic pro spark phantom3 phantom 4 inspire osmo モニター日除けフード L168mm Ipad mini4 Ipad mini3 Ipad mini2 Ipad mini Samsung SM-T19 7.9インチ対応,"1,580円",https://item.rakuten.co.jp/komekuma/dji-13/
Card DJI Care Refresh (Mavic Mini)DJI ケアリフレッシュ カード マビックミニ,"4,400円",https://item.rakuten.co.jp/landscapeweb/6958265192210/
Mavic Mini マビックミニ プロペラホルダー 持ち運び ストラップ アクセサリー プロペラ保護 DJI ドローン 超軽量 小型ドローン 初心者向け,"1,800円",https://item.rakuten.co.jp/larue/dji-mvm-part022-23/
[ネコポス送料無料] DJI Care Refresh (Mavic Mini) # CP.QT.00002553.01 ディージェイアイ (ドローンアクセサリ),"4,400円",https://item.rakuten.co.jp/kitcut/480554/
PGYTECH MAVIC 2 用 キャリングバッグ Mini【日本総代理店】,"2,200円",https://item.rakuten.co.jp/sekido/10p-ha-032/
ドローン DJI Mavic Mini プロペラホルダー ブレードプロテクター シリコン製 保護用アクセサリー SUNNYLIFE製品 保護 移動,"1,100円",https://item.rakuten.co.jp/beatnuts/10008440/
PGYTECH MAVIC MINI用 送信機 スティック プロテクター【日本総代理店】,"1,056円",https://item.rakuten.co.jp/sekido/10p-12a-024/
ドローン「Mavic Mini」 DJI JAPAN,"46,200円",https://item.rakuten.co.jp/jism/6958265192760-52-50097-n/
DJI Mavic Mini 超小型・軽量 ドローン 正規販売代理店 コンパクト 199g 3軸ジンバル搭載 2.7Kカメラ 動画 写真,"59,400円",https://item.rakuten.co.jp/gadgetmart/6958265192821/
◆【在庫あり翌営業日発送OK F-1】Mavic Mini [DJI] ドローン 199g,"46,199円",https://item.rakuten.co.jp/puinpul-cosme/4988755052382/
Mavic Mini 360° 全方向 プロペラガード 定形外 DJI認定ストア,"2,170円",https://item.rakuten.co.jp/compia/mav0069/
DJI MAVIC Mini Drone 用 ポータブル ケース ハンドヘルド ナイロン バッグ ストレージ キャリーケース 収納 バッグ アクセサリー,"2,180円",https://item.rakuten.co.jp/iuneed/rtjqx91113102/
Mavic Mini マビックミニ DIYクリエイティブキット アクセサリー 落書き ステッカー DJI ドローン カメラ付き 超軽量 199g 小型ドローン ラジコン 初心者向け エントリーモデル インスタ映え動画 DIY Creative Kit,"1,430円",https://item.rakuten.co.jp/larue/dji-mvm-part018/
DJI　Mavic Mini プロペラホルダー,"1,210円",https://item.rakuten.co.jp/ds-sendai/mavic-mini-propeller-holder/
＼キャンペーン中／　DJI Mavic Mini　No09 360°プロペラガード　マビックミニ　用　アクセサリー パーツ,"1,870円",https://item.rakuten.co.jp/airstage/10015452/
DJI Mavic Mini 2WAY 充電ハブ（マビック ミニ ツーウェイ ジュウデンハブ）＜ 2019年11月下旬以降発送予定 ＞,"4,290円",https://item.rakuten.co.jp/hito-robo/mavic-mini-charging-hub-power-ba/
[ネコポス可] DJI Mavic Mini 操作スティック # CP.MA.00000139.01 ディージェイアイ (ドローンアクセサリ) [PSR],990円,https://item.rakuten.co.jp/kitcut-ps/479791/
DJI Mavic Mini プロペラホルダー ベージュ（マビック ミニ　プロペラホルダー ベージュ）,"1,210円",https://item.rakuten.co.jp/hito-robo/mavic-mini-propeller-holder/
[ネコポス可] DJI Mavic Mini DIY クリエイティブ キット # CP.MA.00000155.01 ディージェイアイ (ドローンアクセサリ),"1,430円",https://item.rakuten.co.jp/kitcut/479794/
DJI Mavic Mini (JP)マビックミニ 小型ドローン 200g以下,"46,200円",https://item.rakuten.co.jp/landscapeweb/6958265192760/
DJI Mavic Mini インテリジェント フライトバッテリー (1100 mAh)（マビック ミニ インテリジェント フライトバッテリー）＜ 2019年12月中旬以降発送予定 ＞,"4,730円",https://item.rakuten.co.jp/hito-robo/mavic-mini-intelligent-flight-ba/
DJI Mavic Mini NO.22/23 プロペラホルダー ベージュ チャコール,"1,210円",https://item.rakuten.co.jp/sekido/103193xx/
DJI Mavic Mini 充電ベース（マビック ミニ ジュウデンベース）,"4,290円",https://item.rakuten.co.jp/hito-robo/mavic-mini-charging-base/
Mavic Mini マビックミニ プロペラ Part 2 Mavic Mini用 交換用 予備 備品 羽 アクセサリー DJI ドローン 超軽量 小型ドローン ラジコン 初心者向け 充電,"1,480円",https://item.rakuten.co.jp/larue/dji-mvm-part002/
DJI Mavic Mini Fly More Combo マビック ミニ コンボ 小型 ドローン カメラ付き 超軽量199g ドローン 小型 初心者向け 国内正規品 DJI特約販売店,"89,100円",https://item.rakuten.co.jp/kougen8/140012/
[ネコポス送料無料] DJI Care Refresh (Mavic Mini) # CP.QT.00002553.01 ディージェイアイ (ドローンアクセサリ) [PSR],"4,400円",https://item.rakuten.co.jp/kitcut-ps/480554/
DJI Care Refresh 製品アフターサービス MAVIC MINI,"4,400円",https://item.rakuten.co.jp/sekido/10192050/
DJI　ディージェイアイ 【アフターサービスプラン】DJI Care Refresh（Mavic Mini）JP CARMMN,"4,400円",https://item.rakuten.co.jp/biccamera/6958265192210/
Mavic Mini用2WAY 充電ハブ DJI JAPAN,"4,290円",https://item.rakuten.co.jp/jism/6958265198175-52-50102-n/
Mavic Mini part2　プロペラ,"1,210円",https://item.rakuten.co.jp/ds-sendai/mavic-mini-propellers002/
PGYTECH MAVIC MINI用 プロペラホルダー【日本総代理店】,"1,188円",https://item.rakuten.co.jp/sekido/10p-12a-010/
Mavic Mini用プロペラホルダー (ベージュ) DJI JAPAN,"1,210円",https://item.rakuten.co.jp/jism/6971511319360-52-50103-n/
DJI Mavic Mini 超小型・軽量 ドローン 正規販売代理店 コンパクト 199g 3軸ジンバル搭載 2.7Kカメラ 動画 写真,"46,200円",https://item.rakuten.co.jp/gadgetmart/6958265192760/
DJI　Mavic Mini Fly More コンボ　※初期設定済みのためケアリフレッシュ対象外です※,"59,400円",https://item.rakuten.co.jp/ds-sendai/mavicminicombo/
DJI Mavic Mini 超小型・軽量 ドローン 正規販売代理店 コンパクト 199g 3軸ジンバル搭載 2.7Kカメラ 動画 写真,"46,200円",https://item.rakuten.co.jp/gadgetmart/6958265192760/
Mavic Mini - プロペラホルダー (チャコール) マビックミニ,"1,210円",https://item.rakuten.co.jp/skylinkjapan/10000758/
＼キャンペーン中／　AN DJI Mavic Mini用　キャリングケース【送信機用】【グレー】　マビックミニ　用　アクセサリー パーツ,"1,400円",https://item.rakuten.co.jp/airstage/10015640/
Mavic Mini用DIY クリエイティブ キット DJI JAPAN,"1,430円",https://item.rakuten.co.jp/jism/6970801335837-52-50104-n/
TsLYY DJI Mavic Mini・Mavic Air・Spark・Mavic2 pro・Mavic2 zoomドローン用アンテナブースター+付属ストラップ 信号ブースター 折,"2,853円",https://item.rakuten.co.jp/tszshop/4919600331931/
DJI Mavic Mini NO.19 充電ベース,"4,290円",https://item.rakuten.co.jp/sekido/10400004/
Mavic Mini用プロペラホルダー (チャコール) DJI JAPAN,"1,210円",https://item.rakuten.co.jp/jism/6971511319384-52-50103-n/
Mavic Mini用スナップ アダプター DJI JAPAN,"1,430円",https://item.rakuten.co.jp/jism/6971511319377-52-50104-n/
DJI MAVIC MINI + micro SDカード[64GB]【賠償責任保険付】,"47,300円",https://item.rakuten.co.jp/sekido/10d191031011/
DJI Mavic Mini NO.8 操作スティック,990円,https://item.rakuten.co.jp/sekido/10198199/
"Mavic Mini プロペラホルダー (Part22,23)","1,210円",https://item.rakuten.co.jp/landscapeweb/6971511319360_6971511319384/
＼キャンペーン中／　AN DJI Mavic Mini用　プロペラホルダー【グレー】　マビックミニ　用　アクセサリー パーツ,650円,https://item.rakuten.co.jp/airstage/10015614/
【国内正規品】DJI Mavic Mini ミニバッグ ブラック＆イエロー Mavic Mini用 充電ハブ 送信機 アクセサリーなど簡単収納 ドローン 小型ドローン,"3,520円",https://item.rakuten.co.jp/try3/6958265199356/
Mavic Mini DIY クリエイティブ キット,"1,430円",https://item.rakuten.co.jp/djistoreshinjuku/10000020/
＼キャンペーン中／　DJI Mavic Mini　No20 スナップ アダプター,"1,430円",https://item.rakuten.co.jp/rc-airstage/2015456/
ドローン MAVIC MINI カラープロペラ 1機分（8枚） DJI パーツ 交換用 スペア 社外品,"1,320円",https://item.rakuten.co.jp/beatnuts/10008442/
DJI Mavic Mini Fly More Combo 超軽量 初心者 HD動画伝送 GPS 3軸ジンバル搭載 マビック ミニ 小型 ドローン カメラ付き 199g 向け DJI認定ストア,"89,100円",https://item.rakuten.co.jp/konishi-2014/140012/
DJI Mavic Mini 用 ケース 収納 バッグ ポータブル ドローン 保護 ストレージ バッグ ハンドバッグ アクセサリー キャリーケース,"2,280円",https://item.rakuten.co.jp/iuneed/rtscy91118103/
【メール便無料】 MAVIC PRO マビック ミニ 送信機モニターフード 保護カバー 送信機 カバー MAVIC備品 バッテリー用 Mavicアクセサリー 周辺機器 DJI 小型,"2,627円",https://item.rakuten.co.jp/larue/dji-mv-part28/
DJI Mavic mini RCドローン用 防水 コンパクト トラベル ストレージ ハード 収納 保護 ケース ボックス アクセサリー,"2,880円",https://item.rakuten.co.jp/iuneed/rtngh91118101/
【在庫有り】Mavic Mini 360°プロペラガード(Part 9)マビックミニ プロペラガード,"1,870円",https://item.rakuten.co.jp/landscapeweb/6958265198168/
DJI Mavic Mini プロペラホルダー 保護 シリコン,780円,https://item.rakuten.co.jp/tradedesign/iot158/
【国内正規品】DJI Mavic Mini DIY クリエイティブ キット MNIP18 Mavic Miniを自分用にカスタマイズできる Mavic Mini用 ドローン 小型ドローン,"1,430円",https://item.rakuten.co.jp/try3/6970801335837/
DJI(ディージェイアイ) Mavic Mini Part 10 Two-Way Charging Hub (MNIP10),"4,290円",https://item.rakuten.co.jp/akibamac/6958265198175/
＼キャンペーン中／　AN DJI Mavic Mini用　キャリングケース【ドローン本体用】【グレー】　マビックミニ　用　アクセサリー パーツ,"1,500円",https://item.rakuten.co.jp/airstage/10015639/
DJI Mavic Mini フライモア コンボ 【6点セット】【本体・フィルム・パッド・風速計・プロペラホルダー・ランディングギア】 　ドローン　カメラ付き　( 1年間 DJI無料付帯保険付 )【未開封・動作点検なしでの発送】,"65,965円",https://item.rakuten.co.jp/airstage/10015680/
【国内正規品】DJI Mavic Mini 360°プロペラガード MNIP09 プロペラ保護 安全性 Mavic Mini用 ドローン 小型ドローン,"1,870円",https://item.rakuten.co.jp/try3/6958265198168/
DJI Mavic Mini コントローラー収納バッグ キャリーバッグ　全面保護　防水,880円,https://item.rakuten.co.jp/tradedesign/iot159/
DJI　ディージェイアイ Mavic Mini Part 9 360° Propeller Guard MNIP09,"1,870円",https://item.rakuten.co.jp/biccamera/6958265198168/
Mavic Mini 2WAY 充電ハブ (Part 10)マビックミニ 充電ハブ チャージャー,"4,290円",https://item.rakuten.co.jp/landscapeweb/6958265198175/
16セット クイックリリース プロペラ CW CCW 4726F DJI Mavic mini ドローン用 折り畳み可能アクセサリ,"2,080円",https://item.rakuten.co.jp/iuneed/rtscy91107101a/
ドローン MAVIC MINI バッテリーセーフバッグ 2個用 耐熱性 放射線防護 防爆 DJI パーツ バッテリーケース 旅行 移動 持ち運び,990円,https://item.rakuten.co.jp/beatnuts/10008420/
ドローン 送信機 防寒カバー 手袋 送信機用 防風 防水 保温 冬 Mavic Mini/Mavic 2/Mavic Pro/Mavic Air/Spark/Phantom 4 3 /Inspire など,"1,760円",https://item.rakuten.co.jp/beatnuts/10008432/
DJI Mavic Mini RCドローン 多機能 水上着陸用 着陸装置 延長 フローティング キット アクセサリー 初心者,"2,880円",https://item.rakuten.co.jp/iuneed/rtscy91118105/
DJI Mavic Mini Combo+32GB SDカード マビック ミニ 200g未満 予備バッテリー2本 プロペラガード 収納バック 送信機 ドローン 無償付帯保険付 宅急便,"59,900円",https://item.rakuten.co.jp/compia/mav0065set01/
ドローン DJI Mavic Mini Fly More Combo コンボ マビック ドローン 小型 カメラ付き 初心者 空撮 ミニ 199g 国内正規品 DJI認定ストア クリスマス プレゼント に最適,"59,400円",https://item.rakuten.co.jp/ansinhouse/140012/
DJI　ディージェイアイ Mavic Mini Part 19 Charging Base MNIP19,"4,290円",https://item.rakuten.co.jp/biccamera/6971681400004/
DJI Mavic Mini DIY クリエイティブ キット（マビック ミニ ディーアイワイ クリエイティブ キット）損害賠償保険付【送料無料】 ドローン カメラ付き 初心者 スマホ 小型 空撮 GPS drone＜ 2019年11月中旬以降発送予定 ＞,"1,430円",https://item.rakuten.co.jp/hito-robo/mavic-mini-diy-creative-kit/
DJI Mavic 2 / Mavic air / Mavic Mini 用 1ペア 送信機サムロッカー スティック リモートコントロール 調整可能 合金 ドローン パーツ ジョイスティック アクセサリー,"2,680円",https://item.rakuten.co.jp/iuneed/rtscy91031207/
＼キャンペーン中／　AN DJI Mavic Mini用　防水キャリングケース　【本体・送信機収納】【グレー】　マビックミニ　用　アクセサリー パーツ,"4,000円",https://item.rakuten.co.jp/airstage/10015618/
Mavic Mini 充電ベース (Part 19)マビックミニ チャージャー 台座,"4,290円",https://item.rakuten.co.jp/landscapeweb/6971681400004/
＼キャンペーン中／　DJI Mavic Mini　No19 充電ベース,"4,290円",https://item.rakuten.co.jp/rc-airstage/2015455/
Mavic Mini DIY クリエイティブ キット (Part 18)マビックミニ ステッカー カスタマイズ,"1,430円",https://item.rakuten.co.jp/landscapeweb/6970801335837/
【国内正規品】DJI Mavic Mini プロペラホルダー チャコール MNIP23 プロペラ保護 保管 ストラップ付き Mavic Mini用 ドローン 小型ドローン,"1,210円",https://item.rakuten.co.jp/try3/6971511319384/
DJI Mavic Miniドローン用 ポータブル 保護 収納 バッグ ケース リモートコントローラー ドローン,"2,380円",https://item.rakuten.co.jp/iuneed/rtrrx91118012/
MAVIC Mini 充電ベース Charging Base,"5,500円",https://item.rakuten.co.jp/skyloopjapan/10000049/
ドローン MAVIC MINI バッテリーセーフバッグ 3個用 耐熱性 放射線防護 防爆 DJI パーツ バッテリーケース 旅行 移動 持ち運び,"1,210円",https://item.rakuten.co.jp/beatnuts/10008421/
Mavic Mini プロペラ (Part 2)マビックミニ プロペラ,"1,210円",https://item.rakuten.co.jp/landscapeweb/6958265198182/
金属 モーターカバー メタルキャップ DJI Mavic Mini ドローン用 4個 防塵 エンジンプロテクターガード 保護 アクセサリー,"2,280円",https://item.rakuten.co.jp/iuneed/rtjqx200225101/
DJI Mavic Mini 用 ポータブル リモートコントローラー ドローン 保護 ストレージ バッグ 収納 ケース ボックス アクセサリー,"2,680円",https://item.rakuten.co.jp/iuneed/rtscy91114105/
Mavic Mini プロペラホルダー (チャコール),"1,210円",https://item.rakuten.co.jp/djistoreshinjuku/10000092/
DJI　ディージェイアイ DJI Mini Bag ミニバッグ（Black） DJIMNB[Mavic Mini Osmo Pocket Osmo Action アクセサリー],"3,520円",https://item.rakuten.co.jp/biccamera/6958265198236/
Smatree DJI Mavic Mini 対応収納ケース 収纳バッグ 防水機能付き 送信機 充電ハブ等収納でき,"6,497円",https://item.rakuten.co.jp/asterisk01/4919100370923/
＼キャンペーン開催中／　Nancy Mavic Mini用　強化ガラスカメラレンズ保護フィルム,869円,https://item.rakuten.co.jp/rc-airstage/2015589/
TsLYY DJI Mavic Mini・Mavic Air・Spark・Mavic2 pro・Mavic2 zoomドローン用アンテナブースター+付属ストラップ 信号ブースター 折,"2,971円",https://item.rakuten.co.jp/turning/4918800297564/
＼キャンペーン中／　DJI Mavic Mini　No02 プロペラ,"1,210円",https://item.rakuten.co.jp/rc-airstage/2015450/
Mavic Mini 2WAY 充電ハブ 宅急便 DJI認定ストア,"4,890円",https://item.rakuten.co.jp/compia/mav0071/
Mavic Mini - スナップ アダプター マビックミニ,"1,430円",https://item.rakuten.co.jp/skylinkjapan/10000755/
＼キャンペーン中／　DJI Mavic Mini　No09 360°プロペラガード,"1,870円",https://item.rakuten.co.jp/rc-airstage/2015452/
Mavic Mini - 空撮アドベンチャーセット オリジナルガイドブック付き！ マビックミニ DJI ドローン カメラ付き 200g以下 セット,"64,800円",https://item.rakuten.co.jp/skylinkjapan/10000770/
DJI 200g以下ドローン本体　カメラ付 Mavic Mini Fly More Combo MAMNIC,"59,400円",https://item.rakuten.co.jp/ksdenki/6958265192821/
【キャッシュレス5％還元対象品！】【法人様限定】dji｜Mavic Mini Fly More COMB マビックミニ コンボ ドローン 199g MAMINI,"59,400円",https://item.rakuten.co.jp/aztec-biz/dji-mmc/
【キャッシュレス5％還元対象品！】dji｜Mavic Mini Fly More COMB マビックミニ コンボ ドローン 199g MAMINI,"59,400円",https://item.rakuten.co.jp/aztec2017/dji-mmc/
【国内正規品】DJI Mavic Mini 操作スティック コントローラースティック ペア MNIP08 Mavic Mini用 ドローン 小型ドローン,990円,https://item.rakuten.co.jp/try3/6958265198199/
Mavic Mini 充電ベース,"4,290円",https://item.rakuten.co.jp/ds-sendai/mavic-mini-charging-base/
PolarPro - DJI Mavic 2/Air/Mini 送信機拡張スティック Extension Stick,"3,850円",https://item.rakuten.co.jp/skylinkjapan/10000641/
【 送料無料 】 DJI Mavic Mini 対応 プロペラ保護カバー/衝突防止リング +増やすハイトブラケット (グレー),"5,698円",https://item.rakuten.co.jp/redmoon/20200110-122044/
DJI Mavic/Spark 送信機タブレットホルダー マービック2 ドローン,"4,378円",https://item.rakuten.co.jp/skylinkjapan/10000606/
DJI MAVIC Mini用 360度 懐中電灯 ヘッドランプ ナイト クルーズ ライト LED ランプ 電灯 回転調整可能,"2,280円",https://item.rakuten.co.jp/iuneed/rtscy91223102/
PGYTECH スマホタブレットホルダー（プロ）[Spark/ Mavicシリーズ]【日本総代理店】,"3,300円",https://item.rakuten.co.jp/sekido/10pgy-mrc-005/
【送料無料】 ミゴ Agua ドローンランダー70 [miggo アグア ドローン用ショルダーバッグ 全天候対応],"22,387円",https://item.rakuten.co.jp/shasinyasan/4961607912423/
DJI Mini Bag（Blue&Yellow）,"3,520円",https://item.rakuten.co.jp/book/16191286/
【OUTLET】DJI SPARK/MAVIC NO.14 ショルダーバッグ,"3,190円",https://item.rakuten.co.jp/sekido/10149191/
【売り切れ御免】【ポイント5倍】Spark /Mavic PART14 ショルダーバッグ かばん 鞄 スパーク マビック ドローン,"4,074円",https://item.rakuten.co.jp/onestep/p5i051/
【送料無料】 ロープロ LP37432-PKK ドローンガード CS200 セミハードケース [Parrot Bebop2＋アクセサリー収納可能/LP37432PKK/Lowepro],"6,380円",https://item.rakuten.co.jp/shasinyasan/0056035374326/
DJI Mavic ミニ バッグ ケース サッチェルリュックサック ドローン アクセサリー 黒,"6,373円",https://item.rakuten.co.jp/riria-store/200f65b886274767b32128b603d3793b/
DJI Mavic Mini(MAMINI) 取り寄せ商品,"90,552円",https://item.rakuten.co.jp/compmoto-r/6958265192760/
ドローン コース レース ドローン用 ゲート キューブゲート ドローン障害物 レースゲート初心者 折りたたみ式 レーシングゲート,999円,https://item.rakuten.co.jp/hallelujah-japan/blow-1250/
DJI Mavic Drone Quieter Flightと強力な推力リモートコントロール飛行機スペアアクセサリー用のミニプロペラセット,"1,997円",https://item.rakuten.co.jp/bluefield/5e2661677e974611bddfcb61fdf5b0f1/
DJI Mavic Mini Drone用4個モーターカバーメタルキャップ防塵エンジンプロテクターガード保護アクセサリー,"1,940円",https://item.rakuten.co.jp/bluefield/b3be4c86ce1e450a8be3f55c1a54681e/
DJI MAVIC 2 NO.20 送信機タブレットホルダー,"4,378円",https://item.rakuten.co.jp/sekido/10175824/
【訳あり特価品】DJI JAPAN ドローン カメラ付きMavic Pro マジックプロD-134050{D-134050[9980]},"143,280円",https://item.rakuten.co.jp/ainekusu/d-134050/
DJI ミニバッグ,"3,520円",https://item.rakuten.co.jp/ds-sendai/mini-bag/
DJI Goggles FPV ゴーグル VR VRドローン ヘッドセット ワイヤレス 2K ペアHDスクリーン Mavic Pro Phantom 4 Inspire ドローン AR 動画 飛行 画像 ヘッドホン,"50,721円",https://item.rakuten.co.jp/larue/dji-goggles-001/
DJI Mavic Mini Part 20 Snap Adapter MNIP20,"1,430円",https://item.rakuten.co.jp/biccamera/6971511319377/
DJI ドローン ミニチュアコレクション ディスプレイ モデル 模型 おもちゃ グッズ ガチャ タカラトミーアーツ （全4種フルコンプセット＋DP台紙おまけ付き） 【即納】【数量限定】,"4,980円",https://item.rakuten.co.jp/auc-treasuremarket/62420/
DJI ミニバッグ（ミニ ミニバッグ）,"3,520円",https://item.rakuten.co.jp/hito-robo/dji-mini-bag/
DJI ミニバッグ 3色,"3,520円",https://item.rakuten.co.jp/sekido/10d20115010/
トランスペアレントDJI Mavic Mini Drone Camera HD強化ガラスアンチスクラッチフィルムレンズプロテクター用2枚/セットレンズ保護フィルム,"1,572円",https://item.rakuten.co.jp/bluefield/53d22b11b0a84a96857e2e8e4c42844d/
DJI Mavicミニドローンボディアームおよびコントローラー用PVCシェルデコレーションステッカー防水アンチスクラッチフル保護フィルム,"1,766円",https://item.rakuten.co.jp/ebinoie/8122d10202b54f4e9bd65d7271a01b33/
【DecalGirl】DJI MAVIC PRO用スキンシール【Dominican Republic Flag】【お取り寄せ3週間】カバーケース,"3,240円",https://item.rakuten.co.jp/kcollection-plus/djimp-flag-domrep/
ブラックRC飛行機収納ボックスDJI Royal Mavic Mini Droneフルボディ保護シェル用屋外ポータブル防水ショルダーバッグ,"3,362円",https://item.rakuten.co.jp/riria-store/d9a4810eba4b4652b678477b62682258/
PGYTECH PGY-TEC MAVIC2用 キャリングバッグ Mini PHA032,"2,439円",https://item.rakuten.co.jp/dtc/4988755046275/
DJI　ディージェイアイ Mavic Mini Part 18 DIY Creative Kit MNIP18,"1,430円",https://item.rakuten.co.jp/biccamera/6970801335837/
DJI Mini Bag（Black&Yellow）,"3,520円",https://item.rakuten.co.jp/book/16191285/
【売り切れ御免】Spark /Mavic PART14 ショルダーバッグ かばん 鞄 スパーク マビック ドローン,"4,074円",https://item.rakuten.co.jp/alude/p5i051/
DJI Mavicミニドローンボディアームおよびコントローラー用PVCシェルデコレーションステッカー防水アンチスクラッチフル保護フィルム,"1,741円",https://item.rakuten.co.jp/riria-store/a4f91d491aad45beaa4de3f7a3365c1c/
【新品/在庫あり】小型ドローン Mavic Mini,"46,310円",https://item.rakuten.co.jp/outletplaza/40000901825/
DJI　ディージェイアイ Mavic Mini Part 22 Propeller Holder (Beige) MNIP22 ベージュ,"1,210円",https://item.rakuten.co.jp/biccamera/6971511319360/
DJI Mavic Pro Platinum Fly More コンボ D-152757,"252,192円",https://item.rakuten.co.jp/kg-maido/tr-1145024/
DJI マビック ミニ バッグ,"3,520円",https://item.rakuten.co.jp/nafco/n21648861/
レンズ 保護 フィルム DJI Mavic Mini Drone Camera HD強化 ガラス 2個セット アンチスクラッチフィルム レンズプロテクター,"1,458円",https://item.rakuten.co.jp/riria-store/a8adc6440a18479fac3d530c8b78e6a8/
ブラックDJI Mavic Mini Droneアクセサリー用TYPECケーブルでのQC3.0高速充電器バッテリーUSB充電5.0V / 3A,"2,195円",https://item.rakuten.co.jp/bluefield/961167c3c0244a3e996a464c062cd95d/
SHEAWA DJI Mavic Mini ランディングギア 着陸ガード 着陸ギア ガード 保護用 アクセサリー,"2,879円",https://item.rakuten.co.jp/sungrowing/4918500280796/
DJI Mavic Miniプロペラスタビライザーブレード用2パックTPUファスナープロペラフィクサーストラップ、固定ドローンプロペラスタビライザー固定ストラップドローンDJI Mavic Mini用アクセサリー,"1,382円",https://item.rakuten.co.jp/riria-store/a8d382f896b845fcb0ac42b7905fdccb/
ブラック車の充電器車両高速充電バッテリーリモートコントロール電源充電器ハブDJI Mavic Miniアクセサリー用USBポート,"2,920円",https://item.rakuten.co.jp/ebinoie/aa4ce339915d41cbaf96a87c513d07c0/
STARTRC DJI Mavic MiNi Drone充電式LEDライトナイトフライトサーチライト、Dji MavicミニドローンRCパーツ用,"2,436円",https://item.rakuten.co.jp/ebinoie/3df02f7df75b4e8885cc62876c1a49b9/
【全品送料無料】 DJI Mavic Miniの防水耐候性ハードキャリングケースミリタリースペック,"3,765円",https://item.rakuten.co.jp/bwhstore/scy91119105_bwh888/
P-12A-012PGYTECH拡張着陸装置脚サポートDJI Mavic Mini Droneアクセサリー用プロテクター拡張,"2,391円",https://item.rakuten.co.jp/ebinoie/82315b5cd23c41a09d5ce9694186e8b4/
Bestmaple リモコン スマートフォン タブレット クリップ ホルダー for DJI MAVIC MINI/MAVIC PRO/MAVIC 2 PRO/MAVIC AIR/SPARK Crys,"7,736円",https://item.rakuten.co.jp/sungrowing/4918500282896/
DJI Goggles FPV ゴーグル VR VRドローン ヘッドセット ワイヤレス 2K ペアHDスクリーン Mavic Pro Phantom 4 Inspire ドローン AR 動画 飛行 画像 ヘッドホン,"50,721円",https://item.rakuten.co.jp/local-style/dji-goggles-001/
グレーDJI MAVIC MINI着陸装置用保護ブラケットベース三脚ドローンブースター高架サポート脚用,"1,586円",https://item.rakuten.co.jp/ebinoie/a2a30f54ec27402dafabf831c95e00eb/
トランスペアレントDJI Mavic Mini Drone Camera HD強化ガラスアンチスクラッチフィルムレンズプロテクター用2枚/セットレンズ保護フィルム,"1,467円",https://item.rakuten.co.jp/ebinoie/a264e697f0d341ddbe3f68ac4d0a2018/
DJI Mavic Pro Platinum D-152849,"152,833円",https://item.rakuten.co.jp/kys/tr-1145025/
グレーDJI Mavic Miniクイックリリースジンバルカメラ防水防塵保護カバー用アンチスクラッチドローンレンズキャップ,"1,442円",https://item.rakuten.co.jp/riria-store/fa529aadce7c44fa8339988691bf9c66/
DJI Mavic Mini Drone用4個モーターカバーメタルキャップ防塵エンジンプロテクターガード保護アクセサリー,"1,816円",https://item.rakuten.co.jp/ebinoie/cf50020d4bbd40eab03182a8edc9d868/
TUTUO DJI Mavic Mini ミニリモコンスティックガード 保管用 固定器 Mavicミニドローンアクセサリー用ロッカープロテクターホルダー -ブラック,"2,600円",https://item.rakuten.co.jp/juin06/ra1000001559/
DJI MavicMini用Part1　バッテリー MNIP01,"4,730円",https://item.rakuten.co.jp/ksdenki/6958265198274/
示されるようにMavic Mini LEDディスプレイホルダーディスプレイスクリーンブラケット,"2,986円",https://item.rakuten.co.jp/ebinoie/5156f88e284248568b2031461d6f2d59/
アップグレードされたモーターカバー傷防止プロペラMavic Mini Droneのブロックアップ保護アルミニウム合金モーターカバー,"2,082円",https://item.rakuten.co.jp/bluefield/10ed71ebae1347aaad26b2391419d0c9/
【全品送料無料】 DJI Mavic Miniのハンドヘルドジンバルポータブル三脚ジンバルスタビライザー,"2,967円",https://item.rakuten.co.jp/dlomashop/scy91227103_dloma/
オレンジポータブル折りたたみ式ランディングパッド56CM DJI Mavic Mini用FPV Quadcopter用DJIファントムDJI MavicドローンFIMI X8用,"2,042円",https://item.rakuten.co.jp/ebinoie/04cce389ba1b40b4a95ed279a764daa1/
DJI Mavic Miniバッテリーパッケージ1/2/3バッテリーパック保護ストレージバッグLiPo安全バッグDJI Mavic Mini防爆用,"2,194円",https://item.rakuten.co.jp/riria-store/d5453d4fb4b746e3aa60ab7fb61fd53f/
SHEAWA DJI Mavic Mini モーターカバー 保護カバー アルミニウム 汚れやほこりから保護 アクセサリー (シルバー),"7,196円",https://item.rakuten.co.jp/wesstore/11047652/
SHEAWA DJI Mavic Mini ケース 保護ケース ドローン本体を収納 EVAハードケース 収納バッグ キャーリングケース 携帯に便利,"6,900円",https://item.rakuten.co.jp/wesstore/11047522/
【全品送料無料】 DJI Mavic Mini用のプロフェッショナルMCUV + CPL + ND4 + ND8 + ND16 + ND32ジンバルレンズフィルター,"5,388円",https://item.rakuten.co.jp/bwhstore/scy91202109_bwh888/
ブラックDJI MAVIC Mini Quadcopterアクセサリー用PGYTECHミニリモコンサムスティックガードロッカープロテクターホルダー,"1,914円",https://item.rakuten.co.jp/ebinoie/6d3a3d6b90424a909fe88023ac30679b/
DJI MAVIC NO.28 送信機モニターフード,"2,530円",https://item.rakuten.co.jp/sekido/10134722/
示されるようにレンズフードアンチグレアジンバルレンズカバーDJI Mavic Miniアクセサリー用サンシェード保護カバー,"1,529円",https://item.rakuten.co.jp/ebinoie/6230493a890d48d693a9cc46b19393de/
【全品送料無料】 DJI Mavic Mini用のプロフェッショナルMCUV + CPL + ND4 + ND8 + ND16 + ND32ジンバルレンズフィルター,"6,196円",https://item.rakuten.co.jp/dlomashop/scy91202109_dloma/
Mavic Mini充電ステーション6 in 1インテリジェントマルチバッテリー充電ハブ、DJI Mavic Mini充電器と互換性4個のバッテリー+リモートコントローラー/電話アダプター,"4,943円",https://item.rakuten.co.jp/ebinoie/105f7a6734624a35ad51950d4c75cfdb/
DJI Mavic Mini Drone用 MCUV + CPL + ND4 + ND8 フィルターセット プロフェッショナル 光学ガラスレンズ カメラ レンズ フィルター カメラレンズ フィルター カメラレンズフィルター,"3,980円",https://item.rakuten.co.jp/iuneed/rtscy91202108/
DJI Mavic Pro Platinum Fly More コンボ 1S D-152757,"212,454円",https://item.rakuten.co.jp/mutsuura/10649077/
DJI Mavic Mini Drone用 MCUV CPL ND / PL 4/8/16/32 プロフェッショナル 光学ガラスレンズ カメラ レンズ フィルター カメラレンズ フィルター カメラレンズフィルター,"2,480円",https://item.rakuten.co.jp/iuneed/rtscy91202105/
DJI MAVIC MINI用 4個 フィルター セット ND8 / PL + ND / 16PL + ND / 32PL + ND / 64PL カメラ レンズ フィルター カメラレンズ フィルター カメラレンズフィルター,"5,580円",https://item.rakuten.co.jp/iuneed/rtrrx91112002/
DJI Mavic Pro Platinum D-152849,"193,716円",https://item.rakuten.co.jp/kg-maido/tr-1145025/
DJI Mavic Mini Drone用 MCUV + CPL + ND4 + ND8 + ND16 + ND32 フィルターセット プロフェッショナル 光学ガラスレンズ カメラ レンズ フィルター カメラレンズ フィルター カメラレンズフィルター,"5,180円",https://item.rakuten.co.jp/iuneed/rtscy91202109/
DJI ミニバッグ (ブルー＆イエロー),"3,520円",https://item.rakuten.co.jp/djistoreshinjuku/10000095/
DJI ミニバッグ,"3,520円",https://item.rakuten.co.jp/djistoreshinjuku/10000023/
DJI Mavic Pro Platinum Fly More コンボ D-152757,"198,968円",https://item.rakuten.co.jp/kys/tr-1145024/
[OINEKO] Mavic Mini プロペラ固定 シリコン 保護パドル モーターの保護 発信ストレージ 固定プロペラ レッド 1ペア,"2,339円",https://item.rakuten.co.jp/sakurauchi/b083rsf3dk/
Mavicミニプロペラホルダー用オリジナル2色オプションホルダードローンスペアパーツアクセサリー,"1,657円",https://item.rakuten.co.jp/bluefield/9071e5fd49404627ae20a68d13e9f905/
DJI Mavic Mini Part 8 Control Sticks (Pair) MNIP08,990円,https://item.rakuten.co.jp/biccamera/6958265198199/
DJI Mavic Mini Drone RC飛行機収納バッグ用保護ケース、屋外旅行用ポータブルハードストラップ付き,"2,450円",https://item.rakuten.co.jp/bluefield/b7c77566c598432ca539dd82b01ba6a3/
DJI マビック ミニ スナップアダプタ,"1,430円",https://item.rakuten.co.jp/nafco/n21648830/
ブラックDJI Mavic Mini Droneアクセサリー用TYPECケーブルでのQC3.0高速充電器バッテリーUSB充電5.0V / 3A,"2,085円",https://item.rakuten.co.jp/ebinoie/9966c315513d4237ba46e646773e8dcb/
P-12A-016DJI Mavicミニドローントラベルストレージリモートコントロール飛行機保護バッグ用PGYTECHキャリングケース,"4,032円",https://item.rakuten.co.jp/riria-store/d2b0c0a298624359bc79f349e100199d/
Mavic Mini Droneスペアパーツアクセサリー用プロペラホルダー固定保護ガードユニバーサルアクセサリー,"3,002円",https://item.rakuten.co.jp/ebinoie/4bab5b3ee9db4c27bdd2d67bd8757236/
Mavicミニプロペラホルダー用オリジナル2色オプションホルダードローンスペアパーツアクセサリー,"1,535円",https://item.rakuten.co.jp/riria-store/6eaea5caf99041fa81f8b17345eceb3a/
ブラックRC飛行機収納ボックスDJI Royal Mavic Mini Droneフルボディ保護シェル用屋外ポータブル防水ショルダーバッグ,"3,556円",https://item.rakuten.co.jp/bluefield/5106b123cfac48949d860a577b3add1d/
DJI Mavicミニドローンボディアームおよびコントローラー用PVCシェルデコレーションステッカー防水アンチスクラッチフル保護フィルム,"1,887円",https://item.rakuten.co.jp/bluefield/55158d7d1fe14461ae797bdb7925879b/
DJI Mavic Mini Drone RC飛行機収納バッグ用保護ケース、屋外旅行用ポータブルハードストラップ付き,"2,301円",https://item.rakuten.co.jp/ebinoie/3218db55c3874adb9d4a98461495836a/
グレーRCドローンランディングギアDJI Mavicミニ飛行機用衝撃吸収スタビライザーテイクオフプロテクター,"1,827円",https://item.rakuten.co.jp/bluefield/8aca28bf51b64684b33d2f35e2a42150/
【全品送料無料】 DJI Mavicミニドローン用プロフェッショナルCPL + ND8 + ND16ジンバルレンズフィルター,"3,788円",https://item.rakuten.co.jp/bwhstore/scy91202106_bwh888/
SHEAWA DJI Mavic Mini モーターカバー 保護カバー アルミニウム 汚れやほこりから保護 アクセサリー (レッド),"6,900円",https://item.rakuten.co.jp/wesstore/11047661/
SHEAWA DJI Mavic Mini モーターカバー 保護カバー アルミ製 汚れやほこりから保護 アクセサリー (レッド),"5,996円",https://item.rakuten.co.jp/wesstore/11047568/
Rantow Mavic Miniレッドプロテクターアクセサリーセット-2パックアンチスクラッチ強化ガラスフォイルフィルム+レッドモーターカバーキャップ+レッドDIYスキンシェルデコレーションステッカー DJI Mavic Miniドローン用,"9,125円",https://item.rakuten.co.jp/moaselect/10002491/
DJI マビック ミニ 2WAY充電ハブ,"4,290円",https://item.rakuten.co.jp/nafco/n21648809/
Mavicミニプロペラホルダー用オリジナル2色オプションホルダードローンスペアパーツアクセサリー,"1,548円",https://item.rakuten.co.jp/ebinoie/315708c54e7e4edf8405a02a457fadfb/
DJI マビック ミニ プロペラホルダー ベージュ,"1,210円",https://item.rakuten.co.jp/nafco/n21648847/
DJI Mavicミニドローンアクセサリー用保護ミニシリコンプロペラホルダー固定スタビライザー,"1,584円",https://item.rakuten.co.jp/ebinoie/ca897f72d8c34b05b65f297ddc9a0777/
アップグレードされたモーターカバー傷防止プロペラMavic Mini Droneのブロックアップ保護アルミニウム合金モーターカバー,"1,941円",https://item.rakuten.co.jp/riria-store/d855c325ea1c4426862a538448f284b0/
グレーRCドローンランディングギアDJI Mavicミニ飛行機用衝撃吸収スタビライザーテイクオフプロテクター,"1,709円",https://item.rakuten.co.jp/ebinoie/09faab6ef5af4a84892172c8d28481a3/
プロペラDJI Mavicミニドローン用ガードリング衝突防止シールドフレーム保護着陸装置リモートコントロール飛行機,"2,195円",https://item.rakuten.co.jp/bluefield/b8fdf6367b4146ebbe55fab2b27e0c9c/
DJI マビック ミニ コントロールスティック,990円,https://item.rakuten.co.jp/nafco/n21648786/
DJI Mavic Mini Drone RC飛行機収納バッグ用保護ケース、屋外旅行用ポータブルハードストラップ付き,"2,245円",https://item.rakuten.co.jp/riria-store/bcf622279b3f48b1acc8f1dc3102fb54/
【全品送料無料】 DJI Mavicミニドローン用バッテリーチャージャーハブRCインテリジェントクイック充電,"2,778円",https://item.rakuten.co.jp/dlomashop/scy91223101_dloma/
【全品送料無料】 DJI MAVICミニドローン用3 in1 USBカーチャージャーリモートコントロールバッテリーチャージャー,"3,718円",https://item.rakuten.co.jp/dlomashop/scy91212104_dloma/
【新品】PGYTECH PGY-TEC MAVIC2用 キャリングバッグ Mini PHA032,"2,439円",https://item.rakuten.co.jp/akibamac/4988755046275/
DJI Mavic Drone Quieter Flightと強力な推力リモートコントロール飛行機スペアアクセサリー用のミニプロペラセット,"1,887円",https://item.rakuten.co.jp/ebinoie/4cd0b735711848f1b7e21c8394155f76/
Mavic Intelligent Flight Mini Battery 2400 mAh for DJI スペアパーツドローンアクセサリー,"24,684円",https://item.rakuten.co.jp/tsukiyamadou/20200325210053/
ハンドバッグ バックパック Mini Hardshell Drone Storage Bag Double-shoulder Backpack Waterproof Carrying Case for DJI Mavic Air All Set Accessories Color:Royal air shoulder hard shell backpack,"20,120円",https://item.rakuten.co.jp/owncolor/uw164kfj07suk2ra7p/
PGYTECH PGY-TEC MAVIC2用 キャリングバッグ Mini,"2,440円",https://item.rakuten.co.jp/biccamera/4988755046275/
DJI Mavic Droneバッテリー用ミニ収納バッグ耐衝撃バッテリー防爆安全保護ケース,"1,574円",https://item.rakuten.co.jp/ebinoie/7626a80a74024072b859d15e3a1c3667/
DJI Mavic DroneカメラUV / ND8 / ND16 / 32/64円形中性密度Essential CPL用ミニレンズフィルターユニバーサル,"4,473円",https://item.rakuten.co.jp/ebinoie/d0d750221cfa447a8335d1a76574e3ee/
DJI Mavic DroneカメラUV / ND8 / ND16 / 32/64円形中性密度Essential CPL用ミニレンズフィルターユニバーサル,"4,289円",https://item.rakuten.co.jp/riria-store/16ef0610213d427d927d4d60aa71a73a/
DJI Mavic Drone 充電ベース アクセサリ ミニ 空中写真 航空機 充電ベース,"6,387円",https://item.rakuten.co.jp/ebinoie/9070949ec62442c2a179dbe999ab8cd4/
DJI Mavic Drone Quieter Flightと強力な推力リモートコントロール飛行機スペアアクセサリー用のミニプロペラセット,"1,839円",https://item.rakuten.co.jp/riria-store/53a5dec898b441d8bd4d6f0a79a3cee7/
DJI Mavic DroneカメラUV / ND8 / ND16 / 32/64円形中性密度Essential CPL用ミニレンズフィルターユニバーサル,"4,705円",https://item.rakuten.co.jp/bluefield/3a26c290f4fd475b8d85fcaf21e5c6f1/
充電ベースDJI Mavic Droneアクセサリ用ミニ空中写真航空機充電ベース,"6,200円",https://item.rakuten.co.jp/riria-store/3c60d9bcfd2245939c12de48ddf94cbe/
